{"is_source_file": true, "format": "bash", "description": "A shell script that detects and backs up different types of databases (SQLite, PostgreSQL, MySQL, MongoDB) by checking their availability and executing respective dump commands.", "external_files": ["/usr/lib/postgresql/", "/var/run/mysqld/mysqld.sock"], "external_methods": ["ls", "cp", "sudo -u postgres pg_isready", "mysqladmin ping", "mysql -h", "mysqldump", "mongosh", "mongodump"], "published": [], "classes": [], "methods": [], "calls": ["ls", "cp", "sudo -u postgres pg_isready", "mysqladmin ping", "mysql -h", "mysqldump", "mongosh --port", "mongodump --port"], "search-terms": ["database backup script", "SQLite backup", "PostgreSQL backup", "MySQL backup", "MongoDB backup", "detect and backup database", "database dump", "shell script for DB"], "state": 2, "file_id": 9, "knowledge_revision": 17, "git_revision": "a8775bbc0da952a881b25a296745ece4b625f2fc", "hash": "d7da372b768c895a33088027314656c3", "format-version": 4, "code-base-name": "database", "filename": "database/backup_db.sh", "revision_history": [{"17": "a8775bbc0da952a881b25a296745ece4b625f2fc"}]}