{"is_source_file": false, "format": null, "description": "", "external_files": [], "external_methods": [], "published": [], "classes": [], "methods": [], "calls": [], "search-terms": ["index.html", "Database Viewer", "UI layout", "HTML", "CSS", "JavaScript"], "state": 2, "file_id": 3, "knowledge_revision": 13, "git_revision": "", "hash": "ee63333a4841bf025439c755a74c9881", "format-version": 4, "code-base-name": "database", "filename": "database/db_visualizer/public/index.html", "revision_history": [{"13": ""}]}