{"is_source_file": true, "format": "Python", "description": "This file implements an interactive SQLite database shell for managing and querying a database named 'myapp.db'. It supports listing tables, showing schema definitions, describing table structures, executing SQL queries, and handling special commands like .help, .tables, .schema, .describe, .quit, and .exit.", "external_files": ["sqlite3"], "external_methods": ["sqlite3.connect"], "published": [], "classes": [], "methods": [{"name": "print_help()", "description": "Prints help information about the shell commands and SQL command support.", "scope": "", "scopeKind": ""}, {"name": "list_tables(cursor)", "description": "Lists all non-internal tables in the database.", "scope": "", "scopeKind": ""}, {"name": "show_schema(cursor, table_name=None)", "description": "Displays CREATE statement(s) for specified or all tables.", "scope": "", "scopeKind": ""}, {"name": "describe_table(cursor, table_name)", "description": "Shows the structure of a specified table, including column info.", "scope": "", "scopeKind": ""}, {"name": "execute_query(cursor, query)", "description": "Executes a provided SQL query and displays the results accordingly.", "scope": "", "scopeKind": ""}, {"name": "main()", "description": "Main interactive loop that manages user input, command execution, and database connection lifecycle.", "scope": "", "scopeKind": ""}], "calls": ["sqlite3.connect", "cursor.execute", "cursor.fetchall", "cursor.description", "sys.exit", "print"], "search-terms": ["db_shell", "interactive sqlite", "database commands", "schema display", "table description", "SQL command execution"], "state": 2, "file_id": 7, "knowledge_revision": 18, "git_revision": "a8775bbc0da952a881b25a296745ece4b625f2fc", "ctags": [{"_type": "tag", "name": "DB_NAME", "path": "/home/kavia/workspace/code-generation/simple-notes-app-214951-214962/database/db_shell.py", "pattern": "/^DB_NAME = \"myapp.db\"$/", "language": "Python", "kind": "variable"}, {"_type": "tag", "name": "describe_table", "path": "/home/kavia/workspace/code-generation/simple-notes-app-214951-214962/database/db_shell.py", "pattern": "/^def describe_table(cursor, table_name):$/", "language": "Python", "kind": "function", "signature": "(cursor, table_name)"}, {"_type": "tag", "name": "execute_query", "path": "/home/kavia/workspace/code-generation/simple-notes-app-214951-214962/database/db_shell.py", "pattern": "/^def execute_query(cursor, query):$/", "language": "Python", "kind": "function", "signature": "(cursor, query)"}, {"_type": "tag", "name": "list_tables", "path": "/home/kavia/workspace/code-generation/simple-notes-app-214951-214962/database/db_shell.py", "pattern": "/^def list_tables(cursor):$/", "language": "Python", "kind": "function", "signature": "(cursor)"}, {"_type": "tag", "name": "main", "path": "/home/kavia/workspace/code-generation/simple-notes-app-214951-214962/database/db_shell.py", "pattern": "/^def main():$/", "language": "Python", "kind": "function", "signature": "()"}, {"_type": "tag", "name": "print_help", "path": "/home/kavia/workspace/code-generation/simple-notes-app-214951-214962/database/db_shell.py", "pattern": "/^def print_help():$/", "language": "Python", "kind": "function", "signature": "()"}, {"_type": "tag", "name": "show_schema", "path": "/home/kavia/workspace/code-generation/simple-notes-app-214951-214962/database/db_shell.py", "pattern": "/^def show_schema(cursor, table_name=None):$/", "language": "Python", "kind": "function", "signature": "(cursor, table_name=None)"}], "hash": "7a5a132ab2db661e22c5eb4827332833", "format-version": 4, "code-base-name": "database", "filename": "database/db_shell.py", "fields": [{"name": "DB_NAME = \"myapp.db\"", "scope": "", "scopeKind": "", "description": "unavailable"}], "revision_history": [{"18": "a8775bbc0da952a881b25a296745ece4b625f2fc"}]}