{"is_source_file": true, "format": "bash", "description": "A shell script to detect backup files for various databases and perform restoration accordingly. It includes logic for SQLite, PostgreSQL, MySQL, and MongoDB backups, handling different scenarios for each.", "external_files": ["database_backup.db", "database_backup.sql", "database_backup.archive"], "external_methods": ["ls", "cp", "sudo -u postgres pg_isready", "psql", "mysqladmin", "mysql", "mongosh", "mongorestore"], "published": [], "classes": [], "methods": [], "calls": ["ls /usr/lib/postgresql/", "sudo -u postgres pg_isready", "psql", "mysqladmin ping", "mysql", "mongosh --port", "mongorestore --port"], "search-terms": ["restore_db.sh", "database restore script", "SQLite restore", "PostgreSQL restore", "MySQL restore", "MongoDB restore", "backup detection", "database backup files"], "state": 2, "file_id": 5, "knowledge_revision": 16, "git_revision": "a8775bbc0da952a881b25a296745ece4b625f2fc", "hash": "d42c3e6cbc3bbd627e3c08afcf4183ec", "format-version": 4, "code-base-name": "database", "filename": "database/restore_db.sh", "revision_history": [{"16": "a8775bbc0da952a881b25a296745ece4b625f2fc"}]}